velocity,pd
100.0,0.0
132.145576997553,0.0
174.62453520016192,0.0
230.758599619549,0.0
304.93728293872584,0.0
402.96113202004,0.0
532.4953129837531,0.0
703.6690038273056,0.0
929.8674652605263,0.0
1228.778727281043,0.0
1623.776739188721,0.0
2145.7491411529863,0.0
2835.512583496652,0.0
3747.0044642998687,0.0
4951.500669473131,0.0
6543.189129712969,0.0
8646.53502950036,0.0
11426.013605028778,0.0
15098.971606184201,0.0
19952.62314968879,0.0
